conference,conference_slug,conference_url,track,label,start_date,end_date,date_text,timezone,confidence,needs_review,source_url,extracted_at_utc,deadline_type
Mining Software Repositories 2027,msr-2027,https://conf.researchr.org/home/msr-2027,Data and Tool Showcase Track MSR 2027,Abstract Deadline,2026-11-05,,Thu 5 Nov 2026,AoE (UTC-12:00),high,False,https://2027.msrconf.org/track/msr-2027-data-and-tool-showcase-track,2026-08-26T16:23:27.917271+00:00,abstract_submission
Mining Software Repositories 2027,msr-2027,https://conf.researchr.org/home/msr-2027,Data and Tool Showcase Track MSR 2027,Paper Deadline,2026-11-10,,Tue 10 Nov 2026,AoE (UTC-12:00),high,False,https://2027.msrconf.org/track/msr-2027-data-and-tool-showcase-track,2026-08-26T16:23:27.917271+00:00,paper_submission
Mining Software Repositories 2027,msr-2027,https://conf.researchr.org/home/msr-2027,Data and Tool Showcase Track MSR 2027,Acceptance Notification,2027-01-05,,Tue 5 Jan 2027,AoE (UTC-12:00),high,False,https://2027.msrconf.org/track/msr-2027-data-and-tool-showcase-track,2026-08-26T16:23:27.917271+00:00,notification
Mining Software Repositories 2027,msr-2027,https://conf.researchr.org/home/msr-2027,Data and Tool Showcase Track MSR 2027,Camera Ready Deadline,2027-01-24,,Sun 24 Jan 2027,AoE (UTC-12:00),high,False,https://2027.msrconf.org/track/msr-2027-data-and-tool-showcase-track,2026-08-26T16:23:27.917271+00:00,camera_ready
Mining Software Repositories 2027,msr-2027,https://conf.researchr.org/home/msr-2027,Industry Track MSR 2027,Paper Deadline,2026-12-18,,Fri 18 Dec 2026,AoE (UTC-12:00),high,False,https://2027.msrconf.org/track/msr-2027-industry-track,2026-08-26T16:23:27.917271+00:00,paper_submission
Mining Software Repositories 2027,msr-2027,https://conf.researchr.org/home/msr-2027,Industry Track MSR 2027,Author Notification,2027-01-11,,Mon 11 Jan 2027,AoE (UTC-12:00),high,False,https://2027.msrconf.org/track/msr-2027-industry-track,2026-08-26T16:23:27.917271+00:00,notification
Mining Software Repositories 2027,msr-2027,https://conf.researchr.org/home/msr-2027,Industry Track MSR 2027,Camera Ready Deadline,2027-01-22,,Fri 22 Jan 2027,AoE (UTC-12:00),high,False,https://2027.msrconf.org/track/msr-2027-industry-track,2026-08-26T16:23:27.917271+00:00,camera_ready
Mining Software Repositories 2027,msr-2027,https://conf.researchr.org/home/msr-2027,Junior PC MSR 2027,Junior PC Self-Nomination Deadline,2026-09-15,,Tue 15 Sep 2026,AoE (UTC-12:00),high,False,https://2027.msrconf.org/track/msr-2027-junior-pc,2026-08-26T16:23:27.917271+00:00,other_submission
Mining Software Repositories 2027,msr-2027,https://conf.researchr.org/home/msr-2027,Junior PC MSR 2027,Announcement of Junior PC Members,2026-10-05,,Mon 5 Oct 2026,AoE (UTC-12:00),high,False,https://2027.msrconf.org/track/msr-2027-junior-pc,2026-08-26T16:23:27.917271+00:00,other
Mining Software Repositories 2027,msr-2027,https://conf.researchr.org/home/msr-2027,Junior PC MSR 2027,MSR Review Tutorial,2026-10-07,2026-10-18,Wed 7 - Sun 18 Oct 2026,AoE (UTC-12:00),high,False,https://2027.msrconf.org/track/msr-2027-junior-pc,2026-08-26T16:23:27.917271+00:00,other
Mining Software Repositories 2027,msr-2027,https://conf.researchr.org/home/msr-2027,Mining Challenge MSR 2027,Deadline for Proposals,2026-08-03,,Mon 3 Aug 2026,AoE (UTC-12:00),high,False,https://2027.msrconf.org/track/msr-2027-mining-challenge,2026-08-26T16:23:27.917271+00:00,other_submission
Mining Software Repositories 2027,msr-2027,https://conf.researchr.org/home/msr-2027,Mining Challenge MSR 2027,Notification,2026-08-07,,Fri 7 Aug 2026,AoE (UTC-12:00),high,False,https://2027.msrconf.org/track/msr-2027-mining-challenge,2026-08-26T16:23:27.917271+00:00,notification
Mining Software Repositories 2027,msr-2027,https://conf.researchr.org/home/msr-2027,Registered Reports MSR 2027,Initial Report Abstract,2026-11-13,,Fri 13 Nov 2026,AoE (UTC-12:00),high,False,https://2027.msrconf.org/track/msr-2027-registered-reports,2026-08-26T16:23:27.917271+00:00,abstract_submission
Mining Software Repositories 2027,msr-2027,https://conf.researchr.org/home/msr-2027,Registered Reports MSR 2027,Initial Report Submission,2026-11-20,,Fri 20 Nov 2026,AoE (UTC-12:00),high,False,https://2027.msrconf.org/track/msr-2027-registered-reports,2026-08-26T16:23:27.917271+00:00,other_submission
Mining Software Repositories 2027,msr-2027,https://conf.researchr.org/home/msr-2027,Registered Reports MSR 2027,Authors Receive PC Member's Reviews,2026-12-23,,Wed 23 Dec 2026,AoE (UTC-12:00),high,False,https://2027.msrconf.org/track/msr-2027-registered-reports,2026-08-26T16:23:27.917271+00:00,other
Mining Software Repositories 2027,msr-2027,https://conf.researchr.org/home/msr-2027,Registered Reports MSR 2027,Response letter + Revised Report Submission,2027-01-15,,Fri 15 Jan 2027,AoE (UTC-12:00),high,False,https://2027.msrconf.org/track/msr-2027-registered-reports,2026-08-26T16:23:27.917271+00:00,other_submission
Mining Software Repositories 2027,msr-2027,https://conf.researchr.org/home/msr-2027,Registered Reports MSR 2027,Stage 1 Notification,2027-02-04,,Thu 4 Feb 2027,AoE (UTC-12:00),high,False,https://2027.msrconf.org/track/msr-2027-registered-reports,2026-08-26T16:23:27.917271+00:00,notification
Mining Software Repositories 2027,msr-2027,https://conf.researchr.org/home/msr-2027,Registered Reports MSR 2027,Accepted RR Report Submission,2027-02-28,,Sun 28 Feb 2027,AoE (UTC-12:00),high,False,https://2027.msrconf.org/track/msr-2027-registered-reports,2026-08-26T16:23:27.917271+00:00,other_submission
Mining Software Repositories 2027,msr-2027,https://conf.researchr.org/home/msr-2027,Registered Reports MSR 2027,Full Paper Submission to EMSE,2027-09-30,,Thu 30 Sep 2027,AoE (UTC-12:00),high,False,https://2027.msrconf.org/track/msr-2027-registered-reports,2026-08-26T16:23:27.917271+00:00,paper_submission
Mining Software Repositories 2027,msr-2027,https://conf.researchr.org/home/msr-2027,Technical Papers MSR 2027,Abstract,2026-10-20,,Tue 20 Oct 2026,AoE (UTC-12:00),high,False,https://2027.msrconf.org/track/msr-2027-technical-papers,2026-08-26T16:23:27.917271+00:00,abstract_submission
Mining Software Repositories 2027,msr-2027,https://conf.researchr.org/home/msr-2027,Technical Papers MSR 2027,Paper Deadline,2026-10-23,,Fri 23 Oct 2026,AoE (UTC-12:00),high,False,https://2027.msrconf.org/track/msr-2027-technical-papers,2026-08-26T16:23:27.917271+00:00,paper_submission
Mining Software Repositories 2027,msr-2027,https://conf.researchr.org/home/msr-2027,Technical Papers MSR 2027,Early Reject Notification,2026-12-03,,Thu 3 Dec 2026,AoE (UTC-12:00),high,False,https://2027.msrconf.org/track/msr-2027-technical-papers,2026-08-26T16:23:27.917271+00:00,notification
Mining Software Repositories 2027,msr-2027,https://conf.researchr.org/home/msr-2027,Technical Papers MSR 2027,Author Response Period,2026-12-04,2026-12-08,Fri 4 - Tue 8 Dec 2026,AoE (UTC-12:00),high,False,https://2027.msrconf.org/track/msr-2027-technical-papers,2026-08-26T16:23:27.917271+00:00,author_response
Mining Software Repositories 2027,msr-2027,https://conf.researchr.org/home/msr-2027,Technical Papers MSR 2027,Author Notification,2027-01-08,,Fri 8 Jan 2027,AoE (UTC-12:00),high,False,https://2027.msrconf.org/track/msr-2027-technical-papers,2026-08-26T16:23:27.917271+00:00,notification
Mining Software Repositories 2027,msr-2027,https://conf.researchr.org/home/msr-2027,Technical Papers MSR 2027,Camera Ready Deadline,2027-01-26,,Tue 26 Jan 2027,AoE (UTC-12:00),high,False,https://2027.msrconf.org/track/msr-2027-technical-papers,2026-08-26T16:23:27.917271+00:00,camera_ready
